City_ID,City,Country,Lat,Lng,Max Temp,Humidity,Cloudiness,Wind Speed,Current Description
0,Matagami,CA,49.7502,-77.6328,-4.54,94,25,6.89,scattered clouds
1,Port Alfred,ZA,-33.5906,26.891,74.73,96,99,3.62,overcast clouds
2,Karmala,IN,18.4167,75.2,70.38,25,1,6.11,clear sky
3,Ahipara,NZ,-35.1667,173.1667,72.93,72,100,15.26,overcast clouds
4,Lebu,CL,-37.6167,-73.65,57.42,78,0,16.8,clear sky
5,Qaanaaq,GL,77.484,-69.3632,-19.59,46,3,10.42,clear sky
6,Yellowknife,CA,62.456,-114.3525,-11.7,90,88,5.99,overcast clouds
7,Mogadishu,SO,2.0371,45.3438,76.69,86,100,14.09,overcast clouds
8,Hobart,AU,-42.8794,147.3294,82.26,28,0,23.02,clear sky
9,Champerico,GT,14.3,-91.9167,79.36,73,10,2.84,clear sky
10,Richards Bay,ZA,-28.783,32.0377,72.91,85,10,8.79,clear sky
11,Aklavik,CA,68.2191,-135.0107,-0.35,94,100,8.37,overcast clouds
12,Rikitea,PF,-23.1203,-134.9692,78.35,66,93,6.46,overcast clouds
13,Khatanga,RU,71.9667,102.5,-29.7,100,18,3.47,few clouds
14,New Norfolk,AU,-42.7826,147.0587,81.9,53,43,12.1,scattered clouds
15,Poum,NC,-20.2333,164.0167,81.07,75,42,16.4,scattered clouds
16,Deqing,CN,30.5448,119.9599,42.76,78,100,5.12,light rain
17,Esperance,AU,-33.8667,121.9,65.89,51,57,16.53,broken clouds
18,Madang,PG,-5.2246,145.7966,84.27,72,99,5.28,overcast clouds
19,Cape Town,ZA,-33.9258,18.4232,73.11,79,8,5.32,clear sky
20,Tuktoyaktuk,CA,69.4541,-133.0374,-15.12,99,100,3.42,overcast clouds
21,Kapaa,US,22.0752,-159.319,75.18,74,75,1.01,broken clouds
22,Thompson,CA,55.7435,-97.8558,1.56,78,100,11.5,overcast clouds
23,Grootfontein,NA,-19.5667,18.1167,64.15,96,100,14.99,moderate rain
24,Port Elizabeth,ZA,-33.918,25.5701,73.09,100,100,3.44,mist
25,Vilia,GR,38.1667,23.3333,50.77,84,100,7.4,overcast clouds
26,Hithadhoo,MV,-0.6,73.0833,82.45,72,9,12.62,clear sky
27,Ribeira Grande,PT,38.5167,-28.7,60.24,73,19,11.68,few clouds
28,Ambalavao,MG,-21.8333,46.9333,63.09,93,75,4.25,broken clouds
29,Bluff,NZ,-46.6,168.3333,66.79,82,100,13.33,overcast clouds
30,Puerto Quijarro,BO,-17.7833,-57.7667,72.72,100,100,2.73,overcast clouds
31,Chuy,UY,-33.6971,-53.4616,60.67,66,0,6.22,clear sky
32,Busselton,AU,-33.65,115.3333,74.08,34,0,15.28,clear sky
33,Souillac,MU,-20.5167,57.5167,80.37,80,100,19.8,light rain
34,Avarua,CK,-21.2078,-159.775,80.65,78,100,12.66,overcast clouds
35,Sibenik,HR,43.7272,15.9058,46.06,60,100,7.0,overcast clouds
36,Hermanus,ZA,-34.4187,19.2345,72.9,88,3,6.8,clear sky
37,Rockland,US,41.1668,-74.0496,24.49,73,15,2.71,few clouds
38,Saint George,US,37.1041,-113.5841,51.94,27,0,1.99,clear sky
39,Airai,TL,-8.9266,125.4092,71.91,63,54,6.87,broken clouds
40,Ushuaia,AR,-54.8,-68.3,40.01,95,97,2.37,light rain
41,Srednekolymsk,RU,67.45,153.6833,-12.19,90,100,3.0,overcast clouds
42,Padang,ID,-0.9492,100.3543,80.65,79,93,2.89,overcast clouds
43,Ilulissat,GL,69.2167,-51.1,6.82,72,100,2.3,overcast clouds
44,Cidreira,BR,-30.1811,-50.2056,72.86,87,1,3.44,clear sky
45,Hilo,US,19.7297,-155.09,74.25,82,56,4.85,broken clouds
46,Sibolga,ID,1.7427,98.7792,81.86,77,53,1.5,light rain
47,Kavieng,PG,-2.5744,150.7967,79.86,85,97,13.8,moderate rain
48,Ostrovnoy,RU,68.0531,39.5131,15.13,95,100,3.69,overcast clouds
49,Tamandare,BR,-8.7597,-35.1047,77.88,83,54,6.85,broken clouds
50,Olafsvik,IS,64.8945,-23.7142,23.5,81,80,7.7,broken clouds
51,Fukue,JP,32.6881,128.8419,48.78,63,100,23.02,overcast clouds
52,Miraflores,MX,19.2167,-98.8083,64.02,64,53,3.38,broken clouds
53,Ancud,CL,-41.8697,-73.8203,57.22,88,82,6.51,broken clouds
54,Nikolskoye,RU,59.7035,30.7861,24.69,97,99,4.59,snow
55,Atlantic City,US,39.3643,-74.4229,31.98,74,0,6.91,clear sky
56,Tasiilaq,GL,65.6145,-37.6368,10.56,89,80,8.14,broken clouds
57,Codrington,AU,-38.2667,141.9667,62.58,61,88,20.38,overcast clouds
58,Lata,PT,40.1629,-8.3327,51.06,58,0,5.99,clear sky
59,Taoudenni,ML,22.6783,-3.9836,64.72,8,4,11.01,clear sky
60,Inhambane,MZ,-23.865,35.3833,78.17,71,83,6.26,broken clouds
61,Kaitangata,NZ,-46.2817,169.8464,69.93,76,100,7.43,overcast clouds
62,Pevek,RU,69.7008,170.3133,-16.65,96,71,0.72,broken clouds
63,Longyearbyen,SJ,78.2186,15.6401,12.04,73,40,5.75,light snow
64,Tiksi,RU,71.6872,128.8694,-10.86,100,100,5.57,overcast clouds
65,Colac,AU,-38.3333,143.5833,75.0,51,37,15.99,scattered clouds
66,Walvis Bay,NA,-22.9575,14.5053,69.1,85,100,7.56,overcast clouds
67,Georgetown,MY,5.4112,100.3354,85.93,70,20,9.22,few clouds
68,Troitskoye,RU,52.9821,84.6757,12.27,94,99,4.03,overcast clouds
69,Talnakh,RU,69.4865,88.3972,6.21,94,98,8.81,overcast clouds
70,Craig,US,40.5153,-107.5464,27.36,89,19,2.91,few clouds
71,Punta Arenas,CL,-53.15,-70.9167,46.11,81,75,19.57,light intensity shower rain
72,Doha,QA,25.2867,51.5333,60.78,94,2,4.61,clear sky
73,Victoria Point,AU,-27.5833,153.3,101.44,67,43,3.0,scattered clouds
74,Tucumcari,US,35.1717,-103.725,53.94,16,0,11.5,clear sky
75,Lufilufi,WS,-13.8745,-171.5986,89.38,72,100,4.18,moderate rain
76,Kapuskasing,CA,49.4169,-82.4331,16.11,90,93,10.8,overcast clouds
77,Dandong,CN,40.1292,124.3947,25.88,52,1,15.03,clear sky
78,Castro,BR,-24.7911,-50.0119,62.08,90,3,2.21,clear sky
79,Graaff-Reinet,ZA,-32.2522,24.5308,68.92,90,100,1.88,light rain
80,Tshikapa,CD,-6.4167,20.8,70.14,96,100,1.43,light rain
81,Dalbandin,PK,28.8947,64.4101,50.16,46,0,6.22,clear sky
82,Albany,US,42.6001,-73.9662,16.52,71,7,1.97,clear sky
83,Butaritari,KI,3.0707,172.7902,81.97,78,100,12.64,overcast clouds
84,Komsomolskiy,UZ,40.4272,71.7189,27.82,86,52,6.91,mist
85,Vaini,TO,-21.2,-175.2,80.83,72,62,13.91,broken clouds
86,Jamestown,US,42.097,-79.2353,22.64,63,0,5.75,clear sky
87,Cabo San Lucas,MX,22.8909,-109.9124,69.51,58,0,0.0,clear sky
88,Rawson,AR,-43.3002,-65.1023,70.2,28,2,20.09,clear sky
89,Flinders,AU,-34.5833,150.8552,94.21,66,27,5.01,scattered clouds
90,Tarakan,ID,3.3,117.6333,83.7,70,40,4.61,scattered clouds
91,Santiago Del Estero,AR,-27.7951,-64.2615,77.76,41,100,4.47,overcast clouds
92,Corinto,GR,37.9407,22.9573,56.44,80,100,5.66,overcast clouds
93,Celestun,MX,20.8667,-90.4,72.32,68,23,13.29,few clouds
94,Chokurdakh,RU,70.6333,147.9167,-12.77,95,100,1.57,overcast clouds
95,Korla,CN,41.7597,86.1469,25.63,47,9,1.52,clear sky
96,Coruripe,BR,-10.1256,-36.1756,77.76,81,5,7.14,clear sky
97,Qui Nhon,VN,13.7667,109.2333,75.11,87,94,11.01,overcast clouds
98,Petropavlovsk-Kamchatskiy,RU,53.0452,158.6483,28.78,69,75,15.66,light snow
99,Sao Filipe,CV,14.8961,-24.4956,73.58,72,100,16.87,overcast clouds
100,Wangqing,CN,43.3218,129.7634,14.9,69,6,3.53,clear sky
101,Pavlikeni,BG,43.2428,25.3219,38.37,58,100,1.92,overcast clouds
102,Torbay,CA,47.6666,-52.7314,31.75,75,48,1.99,scattered clouds
103,Olinda,BR,-8.0089,-34.8553,80.33,83,40,2.3,scattered clouds
104,Roura,GF,4.7263,-52.3274,79.97,88,40,3.44,scattered clouds
105,Caluquembe,AO,-13.7833,14.6833,57.78,76,100,2.01,overcast clouds
106,Chapais,CA,49.7834,-74.8492,-18.53,99,41,4.36,scattered clouds
107,Shimoda,JP,34.6667,138.95,50.11,50,0,21.9,clear sky
108,Hambantota,LK,6.1241,81.1185,77.34,94,20,4.61,few clouds
109,Acapulco,MX,16.8634,-99.8901,80.42,69,20,8.05,few clouds
110,Coahuayana,MX,18.7333,-103.6833,78.28,88,0,2.19,clear sky
111,Bentiu,SS,9.2333,29.8333,68.5,20,100,6.04,overcast clouds
112,Ust-Maya,RU,60.4167,134.5333,-12.33,88,100,4.07,overcast clouds
113,Kununurra,AU,-15.7667,128.7333,89.58,62,40,17.27,scattered clouds
114,Coquimbo,CL,-29.9533,-71.3436,64.13,77,100,6.91,overcast clouds
115,Nelson Bay,AU,-32.7167,152.15,93.76,63,0,11.27,clear sky
116,North Bend,US,43.4065,-124.2243,42.94,99,75,4.61,broken clouds
117,Dikson,RU,73.5069,80.5464,-0.15,89,100,20.15,overcast clouds
118,Monrovia,LR,6.3005,-10.7969,74.97,89,72,5.3,broken clouds
119,Shelburne,CA,44.0787,-80.2041,18.59,78,40,6.98,scattered clouds
120,Gobabis,NA,-22.45,18.9667,67.84,82,100,9.42,light rain
121,Hofn,IS,64.2539,-15.2082,33.24,73,35,11.1,scattered clouds
122,Namibe,AO,-15.1961,12.1522,70.32,75,99,8.28,overcast clouds
123,Atuona,PF,-9.8,-139.0333,78.71,75,13,19.98,few clouds
124,Salalah,OM,17.0151,54.0924,66.29,55,20,2.3,few clouds
125,Iqaluit,CA,63.7506,-68.5145,-31.31,73,99,5.01,overcast clouds
126,Jumla,NP,29.2747,82.1838,37.04,46,3,3.15,clear sky
127,Takoradi,GH,4.8845,-1.7554,77.0,86,100,1.63,overcast clouds
128,Neftcala,AZ,39.3742,49.2472,43.36,53,100,7.14,overcast clouds
129,Minot,US,48.2325,-101.2963,25.79,68,20,35.68,few clouds
130,Brae,GB,60.3964,-1.353,48.11,80,100,31.97,overcast clouds
131,Katherine,AU,-14.4667,132.2667,80.92,83,40,13.8,scattered clouds
132,Emba,KZ,48.8264,58.1442,18.64,90,100,7.96,overcast clouds
133,Alice Springs,AU,-23.7,133.8833,83.75,70,75,9.22,broken clouds
134,Skegness,GB,53.1436,0.3363,45.21,91,100,18.99,overcast clouds
135,Majene,ID,-3.5403,118.9707,86.45,59,91,2.3,overcast clouds
136,Dudinka,RU,69.4058,86.1778,6.62,93,99,13.06,overcast clouds
137,Puerto Ayora,EC,-0.7393,-90.3518,73.54,95,93,1.01,overcast clouds
138,Pacific Grove,US,36.6177,-121.9166,54.43,89,40,1.01,scattered clouds
139,Isangel,VU,-19.55,169.2667,80.98,80,96,7.16,overcast clouds
140,Faya,SA,18.3851,42.4509,50.52,81,10,4.41,clear sky
141,Iwaki,JP,37.05,140.8833,44.02,41,3,8.01,clear sky
142,Ruidoso,US,33.3317,-105.673,46.06,17,0,6.91,clear sky
143,Gambela,ET,8.25,34.5833,74.91,37,8,1.34,clear sky
144,Broome,US,42.2506,-75.833,15.8,75,9,3.0,clear sky
145,Bandarbeyla,SO,9.4942,50.8122,75.38,80,69,12.19,light rain
146,Constitucion,CL,-35.3333,-72.4167,57.52,74,0,7.09,clear sky
147,Vardo,NO,70.3705,31.1107,22.12,82,29,8.59,scattered clouds
148,Diamantina,BR,-18.2494,-43.6003,63.05,92,100,0.83,overcast clouds
149,Mataura,NZ,-46.1927,168.8643,66.47,41,100,0.98,overcast clouds
150,Mpophomeni,ZA,-29.5682,30.1862,65.3,95,85,3.76,overcast clouds
151,Gotsu,JP,35.0,132.2167,44.94,58,99,22.97,overcast clouds
152,Kushiro,JP,42.975,144.3747,27.81,63,5,13.56,clear sky
153,Puntarenas,CR,9.9763,-84.8384,80.53,73,56,5.03,broken clouds
154,Pandan,PH,14.0453,124.1694,78.71,85,54,15.64,moderate rain
155,Ponta Do Sol,PT,32.6667,-17.1,65.03,81,10,12.68,clear sky
156,Springville,US,40.1652,-111.6107,35.69,62,0,23.02,clear sky
157,Katsuura,JP,35.1333,140.3,46.51,47,91,7.45,overcast clouds
158,Flin Flon,CA,54.7682,-101.865,4.78,93,100,15.55,light snow
159,Joshimath,IN,30.5667,79.5667,36.55,45,43,6.15,scattered clouds
160,Oxford,GB,51.7522,-1.256,46.9,89,100,1.99,overcast clouds
161,Barahona,DO,18.2085,-71.1008,74.26,83,81,2.8,broken clouds
162,Sabang,ID,5.8933,95.3214,82.02,73,100,12.59,overcast clouds
163,Barrow,US,71.2906,-156.7887,-14.78,84,100,3.44,overcast clouds
164,Ucluelet,CA,48.9329,-125.5528,37.09,87,6,10.89,clear sky
165,Grindavik,IS,63.8424,-22.4338,32.47,80,100,27.63,overcast clouds
166,Sao Joao Da Barra,BR,-21.6403,-41.0511,76.28,90,100,9.53,overcast clouds
167,Benguela,AO,-12.5763,13.4055,74.32,79,100,3.27,overcast clouds
168,Borger,NL,52.9233,6.7931,39.85,89,99,11.12,overcast clouds
169,Ola,RU,59.5833,151.2833,7.93,77,98,11.34,overcast clouds
170,Sept-Iles,CA,50.2001,-66.3821,-6.34,88,6,8.01,clear sky
171,Arraial Do Cabo,BR,-22.9661,-42.0278,75.06,94,0,0.0,clear sky
172,Batemans Bay,AU,-35.7167,150.1833,93.99,44,100,5.68,overcast clouds
173,Bredasdorp,ZA,-34.5322,20.0403,72.28,98,24,3.98,few clouds
174,Tonj,SS,7.2737,28.6822,70.41,24,46,4.79,scattered clouds
175,East London,ZA,-33.0153,27.9116,77.04,71,100,2.62,overcast clouds
176,Rassvet,RU,46.8333,40.75,33.19,100,51,10.07,broken clouds
177,Francisco Sa,BR,-16.4758,-43.4883,70.84,88,100,1.34,light rain
178,Bethel,US,41.3712,-73.414,20.68,68,0,0.0,clear sky
179,Naze,JP,28.3667,129.4833,56.53,56,68,6.44,broken clouds
180,Conceicao Do Araguaia,BR,-8.2578,-49.2647,72.97,95,99,1.12,overcast clouds
181,Gacko,BA,43.1672,18.5353,28.47,96,100,8.01,snow
182,Thunder Bay,CA,48.4001,-89.3168,32.56,84,100,1.99,overcast clouds
183,San Ramon De La Nueva Oran,AR,-23.1322,-64.326,78.42,74,100,4.54,overcast clouds
184,Upernavik,GL,72.7868,-56.1549,-20.67,99,99,6.22,overcast clouds
185,Megion,RU,61.0296,76.1136,0.01,97,100,6.69,overcast clouds
186,Ponferrada,ES,42.5466,-6.5962,41.11,59,4,2.28,clear sky
187,Grand Gaube,MU,-20.0064,57.6608,80.38,69,99,8.99,overcast clouds
188,Belene,BG,43.65,25.1167,37.24,57,100,4.16,overcast clouds
189,Saldanha,ZA,-33.0117,17.9442,65.95,91,7,8.59,clear sky
190,Polunochnoye,RU,60.8697,60.4153,-11.25,100,91,2.26,overcast clouds
191,Sursk,RU,53.0754,45.6846,31.01,87,100,16.87,overcast clouds
192,Conakry,GN,9.538,-13.6773,74.35,81,100,8.01,overcast clouds
193,Kodiak,US,57.79,-152.4072,35.11,87,100,8.05,light snow
194,Aktanysh,RU,55.7216,54.0829,29.25,84,100,16.04,overcast clouds
195,Amahai,ID,-3.3333,128.9167,88.41,58,97,13.42,overcast clouds
196,Nizhnevartovsk,RU,60.9344,76.5531,0.01,92,0,4.47,clear sky
197,Port-Gentil,GA,-0.7193,8.7815,80.49,77,93,6.85,light rain
198,Seddon,AU,-37.8068,144.8916,77.88,59,75,4.0,broken clouds
199,Skjervoy,NO,70.0311,20.9714,32.59,58,100,12.26,light snow
200,Marsala,IT,37.7966,12.4352,51.01,70,70,30.13,broken clouds
201,Sciacca,IT,37.5082,13.0881,51.1,76,77,25.17,broken clouds
202,Necochea,AR,-38.5473,-58.7368,55.04,52,15,12.75,few clouds
203,Erzin,TR,36.9559,36.2,43.32,79,86,4.5,overcast clouds
204,Hulan,CN,45.9833,126.6,3.87,87,33,5.48,scattered clouds
205,Haines Junction,CA,60.7522,-137.5108,-21.98,100,7,1.36,clear sky
206,Boden,SE,65.8252,21.6886,1.4,95,21,3.89,few clouds
207,Zaysan,KZ,47.4667,84.8667,2.71,93,100,0.85,overcast clouds
208,Edremit,TR,39.5961,27.0244,35.35,75,40,9.22,scattered clouds
209,Aasiaat,GL,68.7098,-52.8699,6.37,83,100,6.26,overcast clouds
210,Port Lincoln,AU,-34.7333,135.8667,65.71,58,45,21.9,scattered clouds
211,Zholymbet,KZ,51.7433,71.7122,10.94,92,100,12.3,overcast clouds
212,Lompoc,US,34.6391,-120.4579,60.42,85,0,4.61,clear sky
213,Waipawa,NZ,-41.4122,175.5153,74.03,55,94,8.08,overcast clouds
214,Fort Nelson,CA,58.8053,-122.7002,-11.6,98,100,1.61,overcast clouds
215,Popondetta,PG,-8.7537,148.2534,89.69,56,100,4.21,overcast clouds
216,Provideniya,RU,64.3833,-173.3,10.51,67,75,17.9,broken clouds
217,Christchurch,NZ,-43.5333,172.6333,69.94,75,40,3.0,scattered clouds
218,Dalvik,IS,65.9702,-18.5286,19.26,93,100,10.25,light snow
219,Inverell,AU,-29.7833,151.1167,92.66,45,65,8.01,broken clouds
220,Zhangye,CN,38.9342,100.4517,21.54,28,95,0.22,overcast clouds
221,Paamiut,GL,61.994,-49.6678,18.43,81,100,9.46,overcast clouds
222,Mar Del Plata,AR,-38.0023,-57.5575,63.88,61,9,1.01,clear sky
223,Banjar,ID,-8.19,114.9675,87.66,68,48,5.17,scattered clouds
224,Azul,AR,-36.777,-59.8585,56.41,45,74,5.88,broken clouds
225,Sisimiut,GL,66.9395,-53.6735,5.5,89,100,5.41,overcast clouds
226,Ormara,PK,25.2088,64.6357,71.64,39,0,6.46,clear sky
227,Bosaso,SO,11.2842,49.1816,74.28,82,28,3.29,scattered clouds
228,Porto Murtinho,BR,-21.6989,-57.8825,84.06,51,38,8.86,scattered clouds
229,Amalapuram,IN,16.5833,82.0167,71.98,75,18,2.33,few clouds
230,Ardabil,IR,38.2498,48.2933,22.8,76,100,6.51,overcast clouds
231,Brattleboro,US,42.8509,-72.5579,14.22,83,20,2.35,few clouds
232,Namatanai,PG,-3.6667,152.4333,84.0,70,100,9.04,light rain
233,Port Blair,IN,11.6667,92.75,75.24,78,40,3.44,mist
234,Los Llanos De Aridane,ES,28.6585,-17.9182,56.95,62,0,7.0,clear sky
235,Luderitz,NA,-26.6481,15.1594,63.72,94,30,7.11,scattered clouds
236,Ternova,UA,50.1849,36.6757,29.98,91,100,14.43,light snow
237,Port Hedland,AU,-20.3167,118.5667,93.25,62,98,12.66,overcast clouds
238,Thinadhoo,MV,0.5333,72.9333,82.76,69,19,10.98,few clouds
239,Lorengau,PG,-2.0226,147.2712,77.7,91,100,15.23,overcast clouds
240,Makakilo City,US,21.3469,-158.0858,74.28,66,75,6.91,broken clouds
241,Bac Lieu,VN,9.285,105.7244,83.97,66,24,17.6,few clouds
242,Mwense,ZM,-10.3845,28.698,62.4,98,99,2.33,overcast clouds
243,Faanui,PF,-16.4833,-151.75,81.18,73,6,19.19,light rain
244,Poya,NC,-21.35,165.15,86.61,61,89,8.93,overcast clouds
245,Mahibadhoo,MV,3.7833,72.9667,82.8,75,19,14.29,few clouds
246,Dunedin,NZ,-45.8742,170.5036,65.8,81,100,5.99,overcast clouds
247,Bayir,TR,37.2687,28.2167,28.92,72,100,5.41,overcast clouds
248,Buin,CL,-33.7333,-70.75,71.87,59,0,2.04,clear sky
249,Tucuman,AR,-26.8241,-65.2226,75.2,60,75,12.66,broken clouds
250,Menongue,AO,-14.6585,17.691,62.11,62,100,5.39,overcast clouds
251,Terrace,CA,54.5163,-128.6035,28.49,98,95,1.48,light snow
252,Loule,PT,37.1377,-8.0197,47.91,62,0,0.0,clear sky
253,Tubuala,PA,9.5167,-79.0333,76.55,78,14,13.18,few clouds
254,Vestmannaeyjar,IS,63.4427,-20.2734,34.36,78,28,39.64,scattered clouds
255,Severo-Kurilsk,RU,50.6789,156.125,28.53,74,100,16.67,overcast clouds
256,Cacoal,BR,-11.4386,-61.4472,70.29,98,100,3.09,overcast clouds
257,Pontes E Lacerda,BR,-15.2261,-59.3353,70.0,99,100,4.7,overcast clouds
258,Samarai,PG,-10.6167,150.6667,87.1,66,100,11.9,light rain
259,Suntar,RU,62.1444,117.6319,-6.14,95,95,5.12,overcast clouds
260,Angoche,MZ,-16.2325,39.9086,74.88,88,9,6.85,clear sky
261,Santa Rosalia,MX,27.3167,-112.2833,60.48,37,3,3.13,clear sky
262,Kabala,SL,9.5833,-11.55,68.85,26,92,1.23,overcast clouds
263,Matamoros,MX,25.5333,-103.25,64.51,20,0,4.61,clear sky
264,Saskylakh,RU,71.9167,114.0833,-28.97,100,69,2.08,broken clouds
265,Harstad,NO,68.799,16.5293,22.39,72,100,7.83,overcast clouds
266,Baykit,RU,61.67,96.37,-3.55,100,100,0.94,overcast clouds
267,Touros,BR,-5.1989,-35.4608,76.1,75,46,12.21,scattered clouds
268,Dong Hoi,VN,17.4833,106.6,63.86,88,100,7.87,overcast clouds
269,Mokhsogollokh,RU,61.4681,128.9203,-11.22,91,100,7.9,overcast clouds
270,Atbasar,KZ,51.8,68.3333,19.81,95,100,12.3,light snow
271,Saint-Philippe,RE,-21.3585,55.7679,78.39,80,99,14.12,overcast clouds
272,Mount Gambier,AU,-37.8333,140.7667,66.11,48,86,24.16,overcast clouds
273,Kumluca,TR,36.3703,30.2869,40.68,71,93,4.81,overcast clouds
274,Cherskiy,RU,68.75,161.3,-4.02,87,100,4.85,overcast clouds
275,Mocuba,MZ,-16.8392,36.9856,68.9,98,2,2.17,clear sky
276,Aswan,EG,24.0934,32.907,49.78,61,0,6.62,clear sky
277,Valparaiso,CL,-33.0393,-71.6273,66.47,79,0,1.14,clear sky
278,Porto Velho,BR,-8.7619,-63.9039,75.25,94,20,5.75,moderate rain
279,Byron Bay,AU,-28.65,153.6167,93.31,56,16,4.92,few clouds
280,Kachug,RU,53.9606,105.8817,-11.56,98,97,1.1,overcast clouds
281,Pisco,PE,-13.7,-76.2167,71.65,78,100,10.36,overcast clouds
282,Eastlake,US,41.6539,-81.4504,22.14,83,0,1.99,clear sky
283,Tahta,EG,26.7693,31.5021,47.66,77,5,3.15,clear sky
284,Mezen,RU,65.8522,44.24,1.65,98,100,4.38,overcast clouds
285,Syamzha,RU,60.0158,41.0614,16.83,95,100,7.07,overcast clouds
286,Leshukonskoye,RU,64.8989,45.7622,-3.06,99,100,3.36,overcast clouds
287,Aguadilla,PR,18.4275,-67.1541,75.65,88,35,1.01,scattered clouds
288,Vanimo,PG,-2.6741,141.3028,81.54,71,96,8.88,overcast clouds
289,Bengkulu,ID,-3.8004,102.2655,83.48,67,88,5.39,overcast clouds
290,Smithers,CA,54.7804,-127.1743,15.44,98,92,2.08,overcast clouds
291,Husavik,IS,66.0449,-17.3389,22.91,91,100,19.06,light snow
292,Iguape,BR,-24.7081,-47.5553,72.41,94,100,5.68,overcast clouds
293,Mackay,AU,-21.15,149.2,95.68,69,73,7.36,broken clouds
294,Yelabuga,RU,55.7613,52.0649,27.95,95,100,15.9,light snow
295,Podebrady,CZ,50.1424,15.1188,35.49,100,91,9.71,overcast clouds
296,Yulara,AU,-25.2406,130.9889,71.44,100,100,13.8,moderate rain
297,Mayo,US,38.8876,-76.5119,31.12,73,0,1.99,clear sky
298,Uyemskiy,RU,64.4743,40.8524,17.65,86,75,6.71,light snow
299,Trairi,BR,-3.2778,-39.2689,77.76,79,73,7.25,broken clouds
300,Lasa,IT,46.6166,10.7002,30.69,95,100,7.74,light snow
301,Beloha,MG,-25.1667,45.05,69.42,84,84,8.79,broken clouds
302,Chemax,MX,20.65,-87.9333,63.9,80,17,5.06,few clouds
303,Balabac,PH,7.9868,117.0645,83.41,74,76,15.35,broken clouds
304,San Patricio,US,28.017,-97.5169,62.82,91,99,10.04,overcast clouds
305,Dharchula,IN,29.85,80.5333,48.58,44,50,2.46,scattered clouds
306,Impfondo,CG,1.6381,18.0667,68.25,28,72,2.01,broken clouds
307,Florianopolis,BR,-27.6146,-48.5012,74.37,95,40,3.44,scattered clouds
308,Garowe,SO,8.4054,48.4845,66.81,92,44,10.16,scattered clouds
309,Deva,RO,45.8833,22.9,28.4,93,100,1.41,overcast clouds
310,Northam,GB,51.0333,-4.2167,49.6,85,80,19.6,broken clouds
311,Ueckermunde,DE,53.7379,14.0447,34.05,90,99,9.82,overcast clouds
312,Mareeba,AU,-17.0,145.4333,86.43,77,68,4.74,broken clouds
313,Alofi,NU,-19.0595,-169.9187,79.25,68,94,5.84,overcast clouds
314,Pathein,MM,16.7833,94.7333,77.04,47,80,8.34,broken clouds
315,Athabasca,CA,54.7169,-113.2854,-4.18,94,62,6.67,broken clouds
316,Itaituba,BR,-4.2761,-55.9836,72.36,98,54,1.61,broken clouds
317,Geraldton,AU,-28.7667,114.6,88.21,33,7,16.11,clear sky
318,Bonthe,SL,7.5264,-12.505,75.6,93,64,5.03,broken clouds
319,Minsk,BY,53.9,27.5667,24.55,92,99,12.15,overcast clouds
320,Dingle,PH,10.9995,122.6711,83.25,73,90,13.58,overcast clouds
321,Praia Da Vitoria,PT,38.7333,-27.0667,59.76,82,40,18.52,scattered clouds
322,Comodoro Rivadavia,AR,-45.8667,-67.5,67.86,34,47,35.68,scattered clouds
323,Meulaboh,ID,4.1363,96.1285,82.29,74,5,2.73,clear sky
324,Naantali,FI,60.4674,22.0243,12.85,85,20,4.61,few clouds
325,Santo Domingo,DO,18.5001,-69.9886,74.03,87,40,7.0,scattered clouds
326,Deputatskiy,RU,69.3,139.9,-15.88,98,100,2.37,overcast clouds
327,Chama,CH,47.1821,8.4636,37.22,82,100,6.91,overcast clouds
328,Zuenoula,CI,7.4292,-6.0431,67.35,22,11,1.95,few clouds
329,Warrington,GB,53.3925,-2.5802,48.85,93,100,8.99,overcast clouds
330,Yumen,CN,40.2833,97.2,18.43,26,73,3.98,broken clouds
331,Vao,NC,-22.6667,167.4833,78.17,83,98,9.66,overcast clouds
332,Anadyr,RU,64.75,177.4833,19.9,68,100,13.42,overcast clouds
333,Salamanca,ES,40.8333,-6.0,34.0,92,0,8.7,clear sky
334,Maromitsa,RU,59.8683,48.0123,16.66,95,100,8.34,snow
335,Nemuro,JP,43.3236,145.575,27.03,62,71,20.27,broken clouds
336,Carnarvon,AU,-24.8667,113.6333,87.87,58,12,20.71,few clouds
337,Awjilah,LY,29.1081,21.2869,51.12,67,3,10.04,clear sky
338,Kaseda,JP,31.4167,130.3167,54.63,60,81,15.77,broken clouds
339,Hasaki,JP,35.7333,140.8333,48.6,37,100,1.21,overcast clouds
340,Babushkin,RU,51.7122,105.8647,9.12,90,97,3.62,overcast clouds
341,Lukoyanov,RU,55.0277,44.4786,30.24,96,100,17.6,light snow
342,Pangnirtung,CA,66.1451,-65.7125,-29.99,94,97,4.41,overcast clouds
343,Sioux Lookout,CA,50.1001,-91.917,24.87,86,100,12.66,overcast clouds
344,Ixtapa,MX,20.7,-105.2,72.63,78,0,3.44,clear sky
345,Mount Isa,AU,-20.7333,139.5,91.17,46,40,16.11,scattered clouds
346,San Juan,AR,-31.5375,-68.5364,81.36,26,75,4.38,broken clouds
347,Fortuna,US,40.5982,-124.1573,47.98,81,100,1.99,overcast clouds
348,San Carlos Del Zulia,VE,9.0,-71.9135,73.54,80,2,6.06,clear sky
349,Mehamn,NO,71.0357,27.8492,19.74,88,70,10.0,broken clouds
350,Itupiranga,BR,-5.1347,-49.3267,70.99,98,100,0.38,overcast clouds
351,Kalmar,SE,56.6616,16.3616,26.96,93,40,1.14,scattered clouds
352,Antofagasta,CL,-23.65,-70.4,65.48,83,9,3.06,clear sky
353,Tignere,CM,7.3667,12.65,58.5,22,77,1.81,broken clouds
354,Liverpool,GB,53.4106,-2.9779,48.67,94,100,11.01,overcast clouds
355,Mahebourg,MU,-20.4081,57.7,80.89,74,75,18.41,broken clouds
356,Klaksvik,FO,62.2266,-6.589,43.72,78,100,42.46,overcast clouds
357,Panna,IN,24.7167,80.2,61.41,43,0,3.69,clear sky
358,Quatre Cocos,MU,-20.2078,57.7625,80.71,78,100,22.48,light rain
359,Inirida,CO,3.8653,-67.9239,76.08,60,100,2.44,overcast clouds
360,Leningradskiy,RU,69.3833,178.4167,-17.3,95,54,9.46,broken clouds
361,Gonzales,US,30.2385,-90.9201,59.05,72,100,1.01,overcast clouds
362,Nome,US,64.5011,-165.4064,17.67,49,0,14.97,clear sky
363,Torrevieja,ES,37.9787,-0.6822,58.08,40,0,6.53,clear sky
364,Maniitsoq,GL,65.4167,-52.9,11.21,87,96,9.71,light snow
365,Abapo,BO,-18.8333,-63.4667,64.53,98,70,3.31,light rain
366,Visby,SE,57.6409,18.296,26.82,74,100,8.05,overcast clouds
367,Tuatapere,NZ,-46.1333,167.6833,76.51,45,100,2.46,moderate rain
368,Pitimbu,BR,-7.4706,-34.8086,77.59,77,35,9.44,scattered clouds
369,Wattegama,LK,6.7989,81.4808,80.28,60,44,7.2,scattered clouds
370,Isiro,CD,2.7739,27.616,64.78,55,75,2.75,broken clouds
371,Plettenberg Bay,ZA,-34.0527,23.3716,73.53,80,100,3.09,overcast clouds
372,Saint Anthony,US,45.0205,-93.218,29.28,77,0,5.01,clear sky
373,Atherton,GB,53.5237,-2.4935,48.27,93,100,11.01,overcast clouds
374,Marshall,US,34.3834,-86.3333,47.93,57,0,4.61,clear sky
375,Wanning,CN,18.8003,110.3967,71.98,89,94,4.63,overcast clouds
376,Mbeya,TZ,-8.9,33.45,58.55,98,100,2.59,overcast clouds
377,Bathsheba,BB,13.2167,-59.5167,77.61,83,40,12.66,scattered clouds
378,Kholmogory,RU,64.2229,41.656,17.71,98,100,4.74,light snow
379,Andijon,UZ,40.7821,72.3442,33.08,86,100,0.0,fog
380,Bithur,IN,26.6333,80.2833,48.29,63,0,4.32,clear sky
381,Bonavista,CA,48.6499,-53.1147,32.11,64,61,16.75,broken clouds
382,Pula,HR,44.8683,13.8481,45.46,80,0,3.44,clear sky
383,Mangrol,IN,21.1167,70.1167,69.17,81,0,9.04,clear sky
384,Witu,KE,-2.3889,40.4382,77.16,92,88,3.51,overcast clouds
385,Duncan,US,34.5023,-97.9578,59.38,59,100,17.27,overcast clouds
386,Sobolevo,RU,54.4299,31.8996,22.44,96,100,7.87,light snow
387,Chaiyaphum,TH,15.75,102.0,83.93,51,36,8.01,scattered clouds
388,Virginia Beach,US,36.8529,-75.978,40.01,78,0,1.99,clear sky
389,Tual,ID,-5.6667,132.75,83.7,73,100,20.45,overcast clouds
390,Sri Aman,MY,1.2376,111.4621,87.85,70,20,5.75,few clouds
391,Bandipur,NP,27.9333,84.4167,51.17,66,67,2.37,broken clouds
392,San Andres,CO,12.5847,-81.7006,80.62,74,20,10.36,few clouds
393,Sajanan,TN,37.0573,9.2426,52.07,77,91,32.53,overcast clouds
394,Magistralnyy,RU,56.1725,107.4458,-2.09,95,100,2.68,overcast clouds
395,Poyarkovo,RU,49.6,128.6833,1.27,87,15,8.41,few clouds
396,Mildura,AU,-34.2,142.15,83.07,36,75,12.66,broken clouds
397,Bilma,NE,18.6853,12.9164,50.94,25,0,4.12,clear sky
398,Praia,CV,14.9215,-23.5087,70.34,88,100,12.66,overcast clouds
399,Margate,GB,51.3813,1.3862,44.74,81,95,4.0,overcast clouds
400,Coihaique,CL,-45.5752,-72.0662,60.75,55,100,8.05,overcast clouds
401,Stornoway,GB,58.2093,-6.3865,49.03,83,100,15.01,overcast clouds
402,La Libertad,EC,-2.2333,-80.9,74.97,81,100,4.61,overcast clouds
403,Ciudad Bolivar,VE,8.1222,-63.5497,79.92,63,85,12.41,overcast clouds
404,Narsaq,GL,60.9167,-46.05,25.02,90,100,3.89,overcast clouds
405,Port Macquarie,AU,-31.4333,152.9167,87.89,64,5,10.29,clear sky
406,Key West,US,24.5557,-81.7826,66.2,66,0,9.22,clear sky
407,Maningrida,AU,-12.0667,134.2667,83.23,78,93,17.96,moderate rain
408,Latung,PH,5.5,120.8833,82.15,74,25,5.28,scattered clouds
409,Port Pirie,AU,-33.1833,138.0167,78.75,42,78,16.49,broken clouds
410,Ulefoss,NO,59.2838,9.2646,28.33,90,94,2.59,overcast clouds
411,Daugai,LT,54.3667,24.3333,25.83,96,95,8.77,overcast clouds
412,Nichinan,JP,31.6,131.3667,55.08,51,89,12.06,overcast clouds
413,Puerto Escondido,MX,15.85,-97.0667,81.43,69,40,12.66,scattered clouds
414,Yerbogachen,RU,61.2767,108.0108,-11.24,99,89,2.93,overcast clouds
415,Te Anau,NZ,-45.4167,167.7167,76.46,40,100,2.73,moderate rain
416,Vila Velha,BR,-20.3297,-40.2925,75.15,88,75,3.44,moderate rain
417,Portales,US,34.1862,-103.3344,45.28,25,29,15.97,scattered clouds
418,Svetlyy,RU,54.675,20.1347,32.05,61,99,14.47,overcast clouds
419,Teguise,ES,29.0605,-13.564,64.62,52,100,10.36,overcast clouds
420,Yellandu,IN,17.6,80.3333,69.87,38,6,1.21,clear sky
421,Corn Island,NI,12.1694,-83.0418,78.39,74,95,19.66,overcast clouds
422,Borzya,RU,50.3833,116.5167,-11.18,98,84,3.87,broken clouds
423,Savannah Bight,HN,16.45,-85.85,72.0,65,4,17.29,clear sky
424,Camopi,GF,3.1655,-52.3158,70.79,99,99,1.83,overcast clouds
425,Bequimao,BR,-2.4489,-44.7825,80.92,97,100,1.48,overcast clouds
426,Turochak,RU,52.2576,87.1224,15.84,95,100,0.69,overcast clouds
427,Saint-Pierre,RE,-21.3393,55.4781,80.24,73,75,12.66,broken clouds
428,Coulommiers,FR,48.8145,3.085,39.74,80,26,6.49,scattered clouds
429,Sinnamary,GF,5.3833,-52.95,75.87,89,100,8.77,overcast clouds
430,Isugod,PH,9.3408,118.1196,85.1,66,82,2.51,broken clouds
431,Binzhou,CN,37.3667,118.0167,31.55,30,0,6.58,clear sky
432,Victoria,HK,22.2855,114.1577,57.33,88,100,5.99,overcast clouds
433,Malanje,AO,-9.5402,16.341,62.74,99,100,3.53,overcast clouds
434,Alta Floresta,BR,-9.8756,-56.0861,70.54,97,100,1.45,overcast clouds
435,Chimbote,PE,-9.0853,-78.5783,69.98,84,79,4.99,broken clouds
436,San Jose,US,37.3394,-121.895,54.28,79,75,0.0,broken clouds
437,Guerrero Negro,MX,27.9769,-114.0611,60.93,74,7,10.2,clear sky
438,Batagay-Alyta,RU,67.8006,130.4114,-19.62,99,97,2.86,overcast clouds
439,Isetskoye,RU,56.4858,65.3226,-0.17,100,100,4.0,overcast clouds
440,Chicama,PE,-7.8447,-79.1469,64.94,74,42,3.91,scattered clouds
441,Charleville-Mezieres,FR,49.7667,4.7167,36.99,88,97,6.53,overcast clouds
442,Rauma,FI,61.1272,21.5113,6.84,96,46,6.4,scattered clouds
443,Kieta,PG,-6.2167,155.6333,84.63,70,100,7.87,overcast clouds
444,Fairbanks,US,64.8378,-147.7164,-16.4,73,0,0.0,clear sky
445,Lavrentiya,RU,65.5833,-171.0,-1.61,81,14,13.09,few clouds
446,Nizhniy Kuranakh,RU,58.8353,125.4869,-4.5,93,100,5.57,overcast clouds
447,Auki,SB,-8.7676,160.7034,85.48,68,76,5.73,broken clouds
448,Ivanivka,UA,46.7208,34.553,30.51,90,89,6.38,overcast clouds
449,Tambopata,PE,-12.7333,-69.1833,71.19,98,99,1.92,overcast clouds
450,Ketchikan,US,55.3422,-131.6461,35.58,100,100,0.0,overcast clouds
451,Leninskoye,KZ,41.7589,69.3864,30.13,41,37,3.33,scattered clouds
452,Sangar,RU,63.9242,127.4739,-30.78,97,84,2.89,broken clouds
453,Pimentel,PE,-6.8367,-79.9342,70.68,78,24,10.02,few clouds
454,San Rafael,AR,-34.6177,-68.3301,75.07,29,0,5.39,clear sky
455,Henties Bay,NA,-22.116,14.2845,68.86,80,100,8.52,overcast clouds
456,Cayenne,GF,4.9333,-52.3333,80.1,85,40,5.99,scattered clouds
457,Teacapan,MX,22.55,-105.75,66.13,68,0,8.52,clear sky
458,Kousseri,CM,12.0769,15.0306,59.77,16,0,10.96,clear sky
459,Kaohsiung,TW,22.6163,120.3133,73.35,65,75,4.0,broken clouds
460,Catabola,AO,-12.15,17.2833,57.4,91,99,3.09,overcast clouds
461,Nikolayevka,RU,53.1257,47.2041,32.79,95,100,16.33,overcast clouds
462,Atasu,KZ,48.6814,71.6433,-2.24,98,18,4.0,few clouds
463,Nanortalik,GL,60.1432,-45.2371,23.68,79,100,11.61,overcast clouds
464,Sakakah,SA,29.9697,40.2064,42.37,65,0,7.83,clear sky
465,Kondinskoye,RU,59.6481,67.41,-13.61,100,85,3.6,overcast clouds
466,Chai Nat,TH,15.1167,100.1,86.05,70,20,11.45,few clouds
467,Manggar,ID,-2.8833,108.2667,85.23,64,100,6.55,overcast clouds
468,Bahadurganj,IN,26.2667,87.8167,62.42,48,0,3.4,clear sky
469,La Palma,US,33.8464,-118.0467,61.61,85,75,1.01,broken clouds
470,Qaqortoq,GL,60.7167,-46.0333,25.3,80,100,14.63,overcast clouds
471,Den Helder,NL,52.9599,4.7593,43.07,82,100,17.0,overcast clouds
472,Kuytun,RU,54.3419,101.5036,-7.38,98,98,1.9,overcast clouds
473,Conceicao Da Barra,BR,-18.5933,-39.7322,76.86,91,100,8.81,overcast clouds
474,Chapleau,CA,47.8405,-83.4034,14.18,91,82,11.21,broken clouds
475,Yarim,YE,14.298,44.3779,48.9,83,11,1.66,few clouds
476,Shu,KZ,43.5983,73.7614,30.34,78,100,4.05,overcast clouds
477,Avera,US,33.194,-82.5271,44.47,55,20,5.17,few clouds
478,Bambous Virieux,MU,-20.3428,57.7575,81.21,74,75,18.41,light rain
479,Biltine,TD,14.5333,20.9167,55.71,21,0,12.53,clear sky
480,Komatipoort,ZA,-25.4332,31.9548,72.05,97,11,1.23,few clouds
481,Luanda,AO,-8.8368,13.2343,76.32,82,100,6.51,overcast clouds
482,De-Kastri,RU,51.4667,140.7833,8.35,87,100,16.55,overcast clouds
483,Lar,IN,26.2039,83.9717,57.69,67,0,5.79,clear sky
484,Tazovskiy,RU,67.4667,78.7,-0.02,98,100,5.99,overcast clouds
485,Tura,IN,25.5198,90.2201,62.51,51,74,5.48,broken clouds
486,Ukiah,US,39.1502,-123.2078,55.13,64,0,3.44,clear sky
487,Amarante Do Maranhao,BR,-5.5667,-46.7422,70.47,97,47,0.98,scattered clouds
488,Jaguaribe,BR,-5.8906,-38.6219,76.91,80,23,5.17,few clouds
489,Changji,CN,44.0167,87.3167,2.19,85,75,2.24,fog
490,Pitiquito,MX,30.7,-112.0833,61.38,22,57,5.99,broken clouds
491,Maku,IR,39.2911,44.4521,18.16,79,91,6.89,overcast clouds
492,Itarema,BR,-2.9248,-39.9167,78.44,76,74,10.71,broken clouds
493,Daan,CN,33.0558,106.2958,39.6,50,100,4.43,overcast clouds
494,Barraute,CA,48.4335,-77.6328,-0.13,95,22,5.23,few clouds
495,Harper,LR,4.375,-7.7169,77.68,85,88,3.09,overcast clouds
496,Marawi,PH,7.9986,124.2928,79.56,61,70,4.85,broken clouds
497,Nuuk,GL,64.1835,-51.7216,16.41,92,100,12.66,light snow
498,Oskemen,KZ,49.9565,82.6119,-7.08,83,75,2.24,mist
499,Russkiy Kameshkir,RU,52.8589,46.0892,31.15,90,100,17.09,overcast clouds
500,Kobelyaky,UA,49.1489,34.1965,23.07,93,53,8.86,broken clouds
501,Port Hardy,CA,50.6996,-127.4199,39.76,93,75,5.75,light intensity shower rain
502,Banjarmasin,ID,-3.3244,114.591,86.14,55,83,4.27,broken clouds
503,Gat,IL,31.61,34.7642,52.39,100,64,8.59,broken clouds
504,Imeni Poliny Osipenko,RU,52.4201,136.4853,2.77,91,95,3.38,overcast clouds
505,Sitka,US,57.0531,-135.33,35.49,80,100,3.44,overcast clouds
506,Saint-Leu,RE,-21.15,55.2833,79.63,76,99,15.66,overcast clouds
507,Kuloy,RU,61.0305,42.4925,11.8,96,98,6.26,overcast clouds
508,Montes Altos,BR,-5.8333,-47.0667,70.99,96,49,2.17,scattered clouds
509,Nampa,US,43.5407,-116.5635,31.64,73,40,0.0,scattered clouds
510,Atar,MR,20.5169,-13.0499,77.77,14,100,9.66,overcast clouds
511,Turayf,SA,31.6725,38.6637,34.05,93,0,4.61,clear sky
512,Abha,SA,18.2164,42.5053,51.62,87,0,9.22,clear sky
513,Mogadouro,PT,41.3403,-6.7119,34.79,87,0,4.0,clear sky
514,Isla Vista,US,34.4133,-119.861,56.82,77,0,3.44,mist
515,Boende,CD,-0.2167,20.8667,70.14,81,100,2.39,overcast clouds
516,Matara,LK,5.9485,80.5353,77.67,78,22,8.19,few clouds
517,Tocopilla,CL,-22.092,-70.1979,67.19,70,0,0.87,clear sky
518,Kruisfontein,ZA,-34.0033,24.7314,70.88,95,98,2.21,overcast clouds
519,Rio Grande,BR,-32.035,-52.0986,66.31,62,45,15.14,scattered clouds
520,Mitsamiouli,KM,-11.3847,43.2844,75.49,83,20,6.91,few clouds
521,Wajir,KE,1.7471,40.0573,73.8,76,99,11.72,overcast clouds
522,Altamira,BR,-3.2033,-52.2064,72.61,98,100,2.21,overcast clouds
523,Vanavara,RU,60.34,102.2797,-7.24,98,92,2.24,overcast clouds
524,Paris,FR,48.8534,2.3488,37.9,83,75,6.91,broken clouds
525,Hohhot,CN,40.8106,111.6522,12.49,37,0,2.24,clear sky
526,Yaan,NG,7.3833,8.5667,70.41,20,54,5.73,broken clouds
527,Medvedovskaya,RU,45.4531,39.0258,33.17,93,92,5.03,overcast clouds
528,Edd,ER,13.9297,41.6925,77.5,59,92,1.19,overcast clouds
529,Labuhan,ID,-6.8844,112.2051,83.59,72,97,7.47,overcast clouds
530,Saint-Augustin,CA,51.226,-58.6502,-1.61,98,45,6.04,scattered clouds
531,Jonava,LT,55.0833,24.2833,26.65,87,100,1.99,overcast clouds
532,Canals,ES,38.9625,-0.5844,54.72,46,1,3.0,clear sky
533,Hervey Bay,AU,-25.2986,152.8535,90.03,74,63,15.01,broken clouds
534,Manaure,CO,11.7751,-72.4445,76.42,83,0,14.12,clear sky
535,Ekhabi,RU,53.5102,142.9671,5.54,93,100,24.79,light snow
536,Jinka,ET,5.65,36.65,63.91,51,50,2.55,scattered clouds
537,Sur,OM,22.5667,59.5289,72.16,53,0,3.53,clear sky
538,Santa Vitoria Do Palmar,BR,-33.5189,-53.3681,61.14,65,1,7.05,clear sky
539,Jalu,LY,29.0331,21.5482,51.12,66,1,9.8,clear sky
540,Zhezkazgan,KZ,47.8043,67.7144,8.58,85,100,4.47,mist
541,Darhan,MN,49.4867,105.9228,-6.63,91,66,3.29,broken clouds
542,Balaka,MW,-14.9793,34.9558,66.79,97,6,0.49,clear sky
543,Morant Bay,JM,17.8815,-76.4093,76.62,84,28,13.58,scattered clouds
544,Mehran,IR,33.1222,46.1646,45.88,80,100,6.38,overcast clouds
545,Berlevag,NO,70.8578,29.0864,22.14,75,43,9.35,scattered clouds
546,Qiqihar,CN,47.3408,123.9672,6.8,73,10,7.94,clear sky
547,Khani,GE,41.9563,42.9566,29.77,85,100,5.19,overcast clouds
548,Sambava,MG,-14.2667,50.1667,76.14,86,100,7.96,overcast clouds
549,Maun,BW,-19.9833,23.4167,65.95,96,31,6.42,scattered clouds
550,Tsiroanomandidy,MG,-18.7667,46.0333,64.54,90,40,2.21,scattered clouds
551,Lindsay,US,36.203,-119.0882,52.0,80,0,0.0,clear sky
552,Kingaroy,AU,-26.5333,151.8333,89.67,39,100,5.01,light rain
553,Limoges,FR,45.75,1.3333,34.36,93,100,6.91,overcast clouds
554,Ampanihy,MG,-24.7,44.75,67.01,79,25,5.5,scattered clouds
555,Bretten,DE,49.0392,8.7028,39.52,78,100,14.23,overcast clouds
556,Homer,US,59.6425,-151.5483,26.04,82,0,4.61,clear sky
557,Astara,AZ,38.5,48.6667,32.7,52,100,9.06,overcast clouds
558,Belyy Yar,RU,53.6039,91.3903,-20.31,76,92,2.24,smoke
559,Kuvandyk,RU,51.4781,57.3552,12.04,100,87,4.61,overcast clouds
560,Lusambo,CD,-4.9667,23.45,67.86,97,99,0.67,overcast clouds
561,Robertson,US,36.5167,-86.8667,43.9,50,0,8.05,clear sky
562,Vila Franca Do Campo,PT,37.7167,-25.4333,58.19,77,67,13.53,broken clouds
563,Kuusamo,FI,65.9667,29.1833,-3.96,84,100,3.44,overcast clouds
564,Leh,IN,34.1667,77.5833,5.07,93,99,2.77,overcast clouds
565,Kosikha,RU,53.3617,84.5822,11.17,95,99,5.64,overcast clouds
566,Vaitape,PF,-16.5167,-151.75,81.21,73,7,19.17,light rain
567,Hovd,MN,48.0056,91.6419,-9.74,86,82,1.7,broken clouds
568,Marsh Harbour,BS,26.5412,-77.0636,65.1,55,0,12.68,clear sky
569,Arteaga,MX,18.4667,-102.4167,58.73,84,0,2.53,clear sky
570,Baruun-Urt,MN,46.6806,113.2792,-2.4,82,23,8.1,few clouds
571,Goderich,CA,43.7501,-81.7165,23.32,63,7,12.66,clear sky
572,Anori,BR,-3.7728,-61.6442,72.79,99,100,2.39,overcast clouds
573,Gallup,US,35.5281,-108.7426,38.01,33,0,1.01,clear sky
574,Aripuana,BR,-9.1667,-60.6333,70.9,98,100,1.77,overcast clouds
575,Kahului,US,20.8947,-156.47,78.82,69,40,6.91,scattered clouds
576,Arki,IN,31.15,76.9667,46.0,60,0,4.97,clear sky
577,Araouane,ML,18.9048,-3.5265,65.5,10,6,12.41,clear sky
578,Yook,PH,13.2261,121.964,80.42,76,94,7.11,overcast clouds
579,Santa Luzia,BR,-19.7697,-43.8514,68.9,94,0,2.3,clear sky
580,Kokopo,PG,-4.352,152.2633,83.16,72,100,10.25,light rain
581,Bogorodskoye,RU,56.55,37.8833,28.09,98,100,1.95,light snow
582,Bom Jesus,BR,-9.0744,-44.3586,75.38,72,49,1.72,scattered clouds
583,Norman Wells,CA,65.282,-126.8329,1.44,71,75,10.36,broken clouds
584,Fremont,US,37.5483,-121.9886,53.96,85,75,0.0,broken clouds
585,Belaya Gora,RU,68.5333,146.4167,-12.87,94,100,2.44,overcast clouds
586,Kavaratti,IN,10.5669,72.642,80.49,71,6,7.96,clear sky
587,Bambanglipuro,ID,-7.95,110.2833,76.6,69,89,6.22,overcast clouds
588,Ibb,YE,13.9667,44.1833,56.23,89,10,1.45,clear sky
589,Nashville,US,36.1659,-86.7844,44.22,55,0,4.0,clear sky
590,Iwanai,JP,42.9744,140.5089,30.27,61,99,12.48,overcast clouds
591,Morros,BR,-9.4467,-46.3003,75.51,72,82,2.86,moderate rain
592,Glinka,RU,54.6404,32.8781,19.74,97,97,3.8,overcast clouds
593,Scarborough,GB,54.2797,-0.4044,50.52,89,100,5.01,overcast clouds
594,Clyde River,CA,70.4692,-68.5914,-25.37,75,100,4.61,overcast clouds
595,Flagstaff,US,35.1981,-111.6513,44.11,37,0,1.01,clear sky
596,San Quintin,MX,30.4833,-115.95,57.65,78,72,9.48,broken clouds
597,Sarkand,KZ,45.41,79.9186,20.53,74,100,5.06,overcast clouds
598,Gamboula,CF,4.1178,15.1393,65.84,27,100,1.88,overcast clouds
599,Verkhnyaya Toyma,RU,62.2349,44.9985,8.37,94,94,7.23,overcast clouds
600,Giyon,ET,8.5333,37.9833,57.04,42,49,5.75,scattered clouds
601,Ponta Delgada,PT,37.7333,-25.6667,58.5,72,20,6.91,few clouds
602,Fuxin,CN,42.0156,121.6589,16.77,50,0,14.16,clear sky
603,Sungairaya,ID,0.7,108.9,85.48,65,92,3.24,overcast clouds
604,Yar-Sale,RU,66.8333,70.8333,-17.7,100,43,5.03,scattered clouds
605,Trelew,AR,-43.249,-65.3051,71.24,22,0,18.7,clear sky
606,Puerto Cabezas,NI,14.0351,-83.3888,70.86,82,3,6.62,clear sky
607,Cacapava Do Sul,BR,-30.5122,-53.4914,64.29,88,5,9.8,clear sky
608,Zakharovo,RU,54.366,39.2792,29.14,94,83,11.9,light snow
609,Buta,CD,2.7858,24.73,65.66,73,49,1.39,scattered clouds
610,Puerto Del Rosario,ES,28.5004,-13.8627,67.75,45,100,4.61,overcast clouds
611,Vila Do Maio,CV,15.1333,-23.2167,70.59,83,100,18.86,overcast clouds
612,Caravelas,BR,-17.7125,-39.2481,77.32,91,46,8.3,scattered clouds
613,Sembabule,UG,-0.0772,31.4567,65.21,68,100,1.88,overcast clouds
614,Ailigandi,PA,9.2333,-78.0167,77.27,82,10,11.3,clear sky
615,Djibo,BF,14.1022,-1.6306,66.34,17,25,10.13,scattered clouds
616,Palmer,US,42.1584,-72.3287,15.85,77,0,0.0,clear sky
617,Pingliang,CN,35.5392,106.6861,19.87,72,100,2.62,overcast clouds
618,Cuamba,MZ,-14.8031,36.5372,66.13,98,29,1.32,scattered clouds
619,Skaudvile,LT,55.4167,22.6167,25.47,95,83,6.35,light snow
620,Laguna,US,38.421,-121.4238,55.98,70,0,3.44,clear sky
621,Tekeli,KZ,44.83,78.8239,19.62,68,100,7.49,overcast clouds
622,Ozark,US,37.0209,-93.206,54.01,55,5,1.99,clear sky
623,Kirakira,SB,-10.4544,161.9205,83.53,77,85,5.53,overcast clouds
624,Cap Malheureux,MU,-19.9842,57.6142,81.46,69,99,5.01,overcast clouds
625,Yerkoy,TR,39.6381,34.4672,27.32,96,98,3.78,overcast clouds
626,South Sioux City,US,42.4739,-96.4136,49.95,30,0,8.99,clear sky
627,Callaway,US,30.153,-85.5699,53.01,88,0,4.61,clear sky
628,Horki,BY,54.2861,30.9842,21.6,95,99,9.55,light snow
629,Kedougou,SN,12.5579,-12.1743,77.58,29,0,4.61,clear sky
630,Zhigansk,RU,66.7697,123.3711,-28.43,97,92,6.71,overcast clouds
631,Ngama,TD,11.7833,17.1667,57.34,18,9,9.98,clear sky
632,Kohlu,PK,29.8962,69.252,48.76,33,0,5.46,clear sky
633,Puerto Asis,CO,0.5133,-76.5007,72.48,90,88,2.64,overcast clouds
634,Dawson Creek,CA,55.7666,-120.2362,-2.56,71,75,9.22,broken clouds
635,Rincon,US,32.296,-81.2354,48.85,75,0,0.0,clear sky
636,Barstow,US,34.8986,-117.0228,56.48,25,100,3.65,overcast clouds
637,Burnie,AU,-41.0667,145.9167,77.92,46,2,17.34,clear sky
638,Santa Rosa,PH,14.3122,121.1114,85.86,61,62,15.3,broken clouds
639,Qingquan,CN,30.4511,115.2559,44.33,74,88,3.42,overcast clouds
640,Uaua,BR,-9.8414,-39.4817,74.53,60,12,10.71,few clouds
641,Lodja,CD,-3.4833,23.4333,68.76,98,100,2.15,light rain
642,Mwingi,KE,-0.9344,38.0601,64.13,73,93,3.49,overcast clouds
643,Lagoa,PT,39.05,-27.9833,58.87,75,38,22.37,scattered clouds
644,Terrace Bay,CA,48.7834,-87.1,28.02,85,100,26.93,overcast clouds
645,Camana,PE,-16.6228,-72.7111,71.28,80,26,5.86,scattered clouds
646,Baker City,US,44.7749,-117.8344,27.82,80,40,4.61,scattered clouds
647,Beisfjord,NO,68.3751,17.5988,23.05,68,100,9.75,overcast clouds
648,Montebelluna,IT,45.778,12.0487,44.4,84,3,2.3,mist
649,Dzhebariki-Khaya,RU,62.2167,135.8,-22.04,95,97,1.19,overcast clouds
650,Kattivakkam,IN,13.2167,80.3167,77.09,88,55,0.96,broken clouds
651,Alibag,IN,18.6411,72.8792,71.58,42,0,6.91,clear sky
652,Ust-Tsilma,RU,65.441,52.1498,-5.48,100,91,3.2,overcast clouds
653,Gulu,UG,2.7746,32.299,67.71,71,88,3.78,overcast clouds
654,Mujiayingzi,CN,42.1167,118.7833,13.8,46,0,9.15,clear sky
655,Varhaug,NO,58.6147,5.6457,32.49,94,100,1.41,light snow
656,Gamba,GA,-2.65,10.0,76.57,89,91,3.0,overcast clouds
657,Methala,IN,10.2166,76.2166,78.8,69,26,3.31,scattered clouds
658,Horsham,GB,51.064,-0.3272,47.01,85,0,8.05,clear sky
659,Shieli,KZ,44.1667,66.75,23.68,80,4,3.78,clear sky
660,Ghorawal,IN,24.7667,82.7833,61.05,52,0,5.28,clear sky
661,Makurdi,NG,7.7411,8.5121,69.4,21,57,3.2,broken clouds
662,Vavoua,CI,7.3819,-6.4778,67.68,22,8,2.53,clear sky
663,Valentin Gomez Farias,MX,28.2167,-106.5833,52.29,27,18,6.98,few clouds
664,Chengde,CN,40.9725,117.9361,18.23,35,0,7.43,clear sky
665,Morehead,US,37.2711,-87.1764,37.94,68,47,7.36,scattered clouds
666,Paso De Carrasco,UY,-34.8603,-56.0522,66.34,52,20,6.91,few clouds
667,Hazleton,US,40.9584,-75.9746,16.81,70,0,0.0,clear sky
668,Mastic Beach,US,40.7668,-72.8521,24.98,60,0,8.01,clear sky
669,Natal,BR,-5.795,-35.2094,80.82,83,20,9.22,few clouds
670,Xacmaz,AZ,41.4635,48.806,37.09,79,36,10.92,scattered clouds
671,Hamilton,US,39.1834,-84.5333,34.79,73,100,1.01,overcast clouds
